tag_id,tag_name
1562,喵星人
6943,萌宠
1833,搞笑
10176116,愚人节生存法则
860401,铲屎官
530003,VLOG
6292,猫咪
2848,日常
508174,动物圈
6943,萌宠
17181,狗狗
7514319,华农兄弟
158225,华农
2848,日常
6392,动物
508174,动物圈
318756,炉石传说
3023780,桌游棋牌
62526,电子竞技
424303,瓦莉拉
18822,吉安娜
6149,特效
901,魔兽
1670161,新卡
802,游戏
454809,甜品
35505,甜点
218245,烘焙
20215,美食
1096984,芝士就是力量
5866434,流心芝士挞
208261,芝士
134056,1818黄金眼
315352,LPL
9222,英雄联盟
1538509,游戏赛事
62526,电子竞技
1472987,力元君
9100,全程高能
601,弹幕
138600,漫威
13881,超级英雄
3007,手机游戏
5794,美国
6572,旅游
20215,美食
530003,VLOG
1652,中国
21896,云南
38006,涨姿势
1742,生活
6776,旅行
19878,奇葩
4100504,郭杰瑞
5761,明星
163917,超杀女
529020,科洛莫瑞兹
13619,欧美
5272,海扁王
5216898,chloemoretz
322739,C菌
9028450,Unheard
9028441,疑案追声
634679,渗透之C君
1833,搞笑
7291581,土味吃播
9945897,干杯！校园季
106399,老张
3241,作死
10071453,bilibili宅漫社
1102683,吃播
151642,SKT
9222,英雄联盟
1833,搞笑
62526,电子竞技
78846,厂长
6583002,靠谱电竞
3093,LOL
51729,马拉松
7905274,嘻咦啊看
3141,电影
